Cikksz·m|TermÈknÈv|TermÈkleÌr·s|BruttÛ¡r|FotÛlink|TermÈklink|Sz·llÌt·siIdı|Sz·llÌt·siKˆltsÈg
5789|DC Nyjah Vulc SE||19190|http://www.coreshop.hu/pictures/termekek/5/7/8/9/1_small.jpg|http://www.coreshop.hu/hu/termek/nyjah_vulc_se/5789|1 munkanap|Ingyenes
5525|DC Nyjah|A teljes√≠tm√©ny-orient√°lt DC Nyjah S cip≈ë a letisztult vonalak √©s √©lenj√°r√≥ technol√≥giai megold√°sok √∂tv√∂zete. A szerkezet: strapab√≠r√≥, egy darabb√≥l √∂nt√∂tt talp ImpactG technol√≥gi√°val a sarok v√©delm√©√©rt, illetve d√≠szvarr√°ssal ell√°tott, letisztult vonal√∫ nyelv a hosszabb √©lettartam√©rt. A st√≠lus: egyedi log√≥ a nyelven √©s a bels≈ëben.|19990|http://www.coreshop.hu/pictures/termekek/5/5/2/5/1_small.jpg|http://www.coreshop.hu/hu/termek/nyjah/5525|1 munkanap|Ingyenes
5523|DC Rob Dyrdek Grand SE|A DC Collection egyik darabja, az alacsony sz√°r√∫ RD Grand SE Rob Dyrdek-diz√°jnnal lopja be mag√°t a sz√≠v√ºnkbe. Ha ez m√©g nem lenne el√©g, n√©zz√ºk csak meg a felhaszn√°lt min≈ës√©gi anyagokat √©s a letisztult orr-r√©szt.|19990|http://www.coreshop.hu/pictures/termekek/5/5/2/3/1_small.jpg|http://www.coreshop.hu/hu/termek/rob_dyrdek_grand_se/5523|1 munkanap|Ingyenes
5522|DC Lynx Prestige S|A DC Collection egyik darabja, a Lynx Prestige S klasszikus form√°j√°val h√≥d√≠t, k√ºl√∂nlegess√©ge az orr√°n tal√°lhat√≥ ‚Äûsmirgli‚Äù-mint√°zat. Jellemz≈ëi m√©g a szarvasb≈ër fels≈ër√©sz √©s a f≈±z≈ët v√©d≈ë b√∫jtat√≥hurkok.|18390|http://www.coreshop.hu/pictures/termekek/5/5/2/2/1_small.jpg|http://www.coreshop.hu/hu/termek/lynx_prestige_s/5522|1 munkanap|Ingyenes
5401|DC Rob Dyrdek Grand Mid|A DC-szponzor√°lt profi deszk√°s Rob Dyrdek Grand cip≈ëje szintet ugrott; mostant√≥l  DC Rob Dyrdek Grand Mid n√©ven el√©rhet≈ë f√©lmagas-sz√°r√∫ v√°ltozatban is. Amellett, hogy igen pof√°san n√©z ki, - gondoljunk csak az egyedi sz√≠n√∂ssze√°ll√≠t√°s√∫ panelekre √©s varr√°sokra - minden benne van, amire egy Rob-szint≈± deszk√°snak csak sz√ºks√©ge lehet. A nyelven az egyedi Drydek-f√©le DC-log√≥ tal√°lhat√≥, a cip≈ë oldal√°n pedig a j√≥l megszokott DC-jelv√©ny.|19990|http://www.coreshop.hu/pictures/termekek/5/4/0/1/1_small.jpg|http://www.coreshop.hu/hu/termek/rob_dyrdek_grand_mid/5401|1 munkanap|Ingyenes
4264|DC Studio LTZ||11990|http://www.coreshop.hu/pictures/termekek/4/2/6/4/1_small.jpg|http://www.coreshop.hu/hu/termek/studio_ltz/4264|1 munkanap|Ingyenes
6373|Vans Old Skool|Az Old Skool-on jelent meg el≈ësz√∂r a klasszikus oldalcs√≠k, amely m√°ra m√°r a Vans cip≈ëk v√©djegy√©v√© v√°lt. Eszt√©tikus megjelen√©se mellett nagyfok√∫ tart√≥ss√°g jellemzi az Old Skool-t, amit m√°r √©vtizedek √≥ta g√∂rdeszk√°sok gener√°ci√≥i koptatnak|17990|http://www.coreshop.hu/pictures/termekek/6/3/7/3/1_small.jpg|http://www.coreshop.hu/hu/termek/old_skool/6373|1 munkanap|Ingyenes
6372|Vans Old Skool|Az Old Skool-on jelent meg el≈ësz√∂r a klasszikus oldalcs√≠k, amely m√°ra m√°r a Vans cip≈ëk v√©djegy√©v√© v√°lt. Eszt√©tikus megjelen√©se mellett nagyfok√∫ tart√≥ss√°g jellemzi az Old Skool-t, amit m√°r √©vtizedek √≥ta g√∂rdeszk√°sok gener√°ci√≥i koptatnak|17990|http://www.coreshop.hu/pictures/termekek/6/3/7/2/1_small.jpg|http://www.coreshop.hu/hu/termek/old_skool/6372|1 munkanap|Ingyenes
6342|Vans (Nintendo) Authentic||17990|http://www.coreshop.hu/pictures/termekek/6/3/4/2/1_small.jpg|http://www.coreshop.hu/hu/termek/(nintendo)_authentic/6342|1 munkanap|Ingyenes
6341|Vans (Nintendo) Authentic||17990|http://www.coreshop.hu/pictures/termekek/6/3/4/1/1_small.jpg|http://www.coreshop.hu/hu/termek/(nintendo)_authentic/6341|1 munkanap|Ingyenes
6340|Vans (Nintendo) Authentic||17990|http://www.coreshop.hu/pictures/termekek/6/3/4/0/1_small.jpg|http://www.coreshop.hu/hu/termek/(nintendo)_authentic/6340|1 munkanap|Ingyenes
6339|Vans (Nintendo) Classic Slip-On||19990|http://www.coreshop.hu/pictures/termekek/6/3/3/9/1_small.jpg|http://www.coreshop.hu/hu/termek/(nintendo)_classic_slip-on/6339|1 munkanap|Ingyenes
6338|Vans (Nintendo) Old Skool||20990|http://www.coreshop.hu/pictures/termekek/6/3/3/8/1_small.jpg|http://www.coreshop.hu/hu/termek/(nintendo)_old_skool/6338|1 munkanap|Ingyenes
6337|Vans (Nintendo) Sk8-Hi Reissue||21990|http://www.coreshop.hu/pictures/termekek/6/3/3/7/1_small.jpg|http://www.coreshop.hu/hu/termek/(nintendo)_sk8-hi_reissue/6337|1 munkanap|Ingyenes
6336|Vans Atwood|Az Atwood a Vans √∂r√∂ks√©g legsikeresebb st√≠lus√°t k√∂veti, tart√≥s √©s k√©nyelmes, ellen√°ll a legdurv√°bb ig√©nybev√©telnek is.|15990|http://www.coreshop.hu/pictures/termekek/6/3/3/6/1_small.jpg|http://www.coreshop.hu/hu/termek/atwood/6336|1 munkanap|Ingyenes
6335|Vans Atwood|Az Atwood a Vans √∂r√∂ks√©g legsikeresebb st√≠lus√°t k√∂veti, tart√≥s √©s k√©nyelmes, ellen√°ll a legdurv√°bb ig√©nybev√©telnek is.|15990|http://www.coreshop.hu/pictures/termekek/6/3/3/5/1_small.jpg|http://www.coreshop.hu/hu/termek/atwood/6335|1 munkanap|Ingyenes
6334|Vans Dazie-Hi||19990|http://www.coreshop.hu/pictures/termekek/6/3/3/4/1_small.jpg|http://www.coreshop.hu/hu/termek/dazie-hi/6334|1 munkanap|Ingyenes
6319|Vans AV RapidWeld Pro|A Vans Anthony Van Engelen-kollekci√≥ √∫j darabja, az AV Rapidweld Pro egy igazi teljes√≠tm√©ny-orient√°lt cip≈ë, r√©gim√≥di k√∂nt√∂sben. F≈ë tulajdons√°ga, hogy fels≈ë r√©sze varr√°s n√©lk√ºl k√©sz√ºl: a ragasztott RAPIDWELD  h√©jat has√≠tott b≈ër d√≠sz√≠ti, a kop√°snak kitett fel√ºletekre pedig  DURACAP-r√©teg ker√ºlt er≈ës√≠t√©sk√©pp. Az UltraCush HD talpbet√©t v√©kony, de kit≈±n≈ë csillap√≠t√°ssal rendelkezik, a Vans-t≈ël megszokott ostya-mint√°zat√∫ j√°r√≥talp meg a tapad√°sr√≥l gondoskodik. A hab a tort√°n a LUXLINER bels≈ë kialak√≠t√°s √©s a Pro Vulc Lite szerkezet≈± talp, √≠gy az AV Rapidweld Pro az utols√≥ sz√≥ a k√∂nny≈± s√∫ly √©s a tart√≥ss√°g ter√©n.|23990|http://www.coreshop.hu/pictures/termekek/6/3/1/9/1_small.jpg|http://www.coreshop.hu/hu/termek/av_rapidweld_pro/6319|1 munkanap|Ingyenes
6288|Vans Old Skool|Az Old Skool-on jelent meg el≈ësz√∂r a klasszikus oldalcs√≠k, amely m√°ra m√°r a Vans cip≈ëk v√©djegy√©v√© v√°lt. Eszt√©tikus megjelen√©se mellett nagyfok√∫ tart√≥ss√°g jellemzi az Old Skool-t, amit m√°r √©vtizedek √≥ta g√∂rdeszk√°sok gener√°ci√≥i koptatnak.|17990|http://www.coreshop.hu/pictures/termekek/6/2/8/8/1_small.jpg|http://www.coreshop.hu/hu/termek/old_skool/6288|1 munkanap|Ingyenes
6259|Vans Slip-On SF||15990|http://www.coreshop.hu/pictures/termekek/6/2/5/9/1_small.jpg|http://www.coreshop.hu/hu/termek/slip-on_sf/6259|1 munkanap|Ingyenes
6258|Vans AV RapidWeld Pro|A Vans Anthony Van Engelen-kollekci√≥ √∫j darabja, az AV Rapidweld Pro egy igazi teljes√≠tm√©ny-orient√°lt cip≈ë, r√©gim√≥di k√∂nt√∂sben. F≈ë tulajdons√°ga, hogy fels≈ë r√©sze varr√°s n√©lk√ºl k√©sz√ºl: a ragasztott RAPIDWELD  h√©jat has√≠tott b≈ër d√≠sz√≠ti, a kop√°snak kitett fel√ºletekre pedig  DURACAP-r√©teg ker√ºlt er≈ës√≠t√©sk√©pp. Az UltraCush HD talpbet√©t v√©kony, de kit≈±n≈ë csillap√≠t√°ssal rendelkezik, a Vans-t≈ël megszokott ostya-mint√°zat√∫ j√°r√≥talp meg a tapad√°sr√≥l gondoskodik. A hab a tort√°n a LUXLINER bels≈ë kialak√≠t√°s √©s a Pro Vulc Lite szerkezet≈± talp, √≠gy az AV Rapidweld Pro az utols√≥ sz√≥ a k√∂nny≈± s√∫ly √©s a tart√≥ss√°g ter√©n.|22990|http://www.coreshop.hu/pictures/termekek/6/2/5/8/1_small.jpg|http://www.coreshop.hu/hu/termek/av_rapidweld_pro/6258|1 munkanap|Ingyenes
6257|Vans AV RapidWeld Pro|A Vans Anthony Van Engelen-kollekci√≥ √∫j darabja, az AV Rapidweld Pro egy igazi teljes√≠tm√©ny-orient√°lt cip≈ë, r√©gim√≥di k√∂nt√∂sben. F≈ë tulajdons√°ga, hogy fels≈ë r√©sze varr√°s n√©lk√ºl k√©sz√ºl: a ragasztott RAPIDWELD  h√©jat has√≠tott b≈ër d√≠sz√≠ti, a kop√°snak kitett fel√ºletekre pedig  DURACAP-r√©teg ker√ºlt er≈ës√≠t√©sk√©pp. Az UltraCush HD talpbet√©t v√©kony, de kit≈±n≈ë csillap√≠t√°ssal rendelkezik, a Vans-t≈ël megszokott ostya-mint√°zat√∫ j√°r√≥talp meg a tapad√°sr√≥l gondoskodik. A hab a tort√°n a LUXLINER bels≈ë kialak√≠t√°s √©s a Pro Vulc Lite szerkezet≈± talp, √≠gy az AV Rapidweld Pro az utols√≥ sz√≥ a k√∂nny≈± s√∫ly √©s a tart√≥ss√°g ter√©n.|22990|http://www.coreshop.hu/pictures/termekek/6/2/5/7/1_small.jpg|http://www.coreshop.hu/hu/termek/av_rapidweld_pro/6257|1 munkanap|Ingyenes
6256|Vans Authentic SF|Vans X Yusuke Hanai kollekci√≥ egy darabja, a Yusuke Hanai Authentic SF a jap√°n m≈±v√©sz √∂tvenes √©vek ihlette alkot√°sait √©s st√≠lus√°t kombin√°lja a Vans fiatalos megjelen√©s√©vel. Fel√©p√≠t√©s√©ben az eredeti Authentic-profilt √∂tv√∂zi a Vans Surf SF szerkezet√©vel, √≠gy megtal√°lhat√≥ benne a kivehet≈ë √©s moshat√≥ UltraCush Eco talpbet√©t, a puha sarokr√©sz √©s a k√∂nny≈± √©s hajl√©kony ostya-mint√°zat√∫ j√°r√≥talp.|16990|http://www.coreshop.hu/pictures/termekek/6/2/5/6/1_small.jpg|http://www.coreshop.hu/hu/termek/authentic_sf/6256|1 munkanap|Ingyenes
6255|Vans Old Skool|The Vintage Sport Old Skool egy klasszikus √∫jraalkot√°sa: ez volt az els≈ë cip≈ë, amely a legend√°ss√° v√°lt oldals√≥ cs√≠kkal k√©sz√ºlt. Mi kell m√©g?: alacsony sz√°r, f≈±z≈ëk fel√ºl, textil √©s b≈ër fels≈ër√©sz, a kop√°s√°ll√≥s√°g √©rdek√©ben meger≈ës√≠tett orr, a Vans-t≈ël megszokott ostya-mint√°zat√∫ j√°r√≥talp √©s a p√°rn√°z√°s, hogy stabil √©s k√©nyelmes legyen a cip≈ë.|19990|http://www.coreshop.hu/pictures/termekek/6/2/5/5/1_small.jpg|http://www.coreshop.hu/hu/termek/old_skool/6255|1 munkanap|Ingyenes
6254|Vans Old Skool|The Vintage Sport Old Skool egy klasszikus √∫jraalkot√°sa: ez volt az els≈ë cip≈ë, amely a legend√°ss√° v√°lt oldals√≥ cs√≠kkal k√©sz√ºlt. Mi kell m√©g?: alacsony sz√°r, f≈±z≈ëk fel√ºl, textil √©s b≈ër fels≈ër√©sz, a kop√°s√°ll√≥s√°g √©rdek√©ben meger≈ës√≠tett orr, a Vans-t≈ël megszokott ostya-mint√°zat√∫ j√°r√≥talp √©s a p√°rn√°z√°s, hogy stabil √©s k√©nyelmes legyen a cip≈ë.|19990|http://www.coreshop.hu/pictures/termekek/6/2/5/4/1_small.jpg|http://www.coreshop.hu/hu/termek/old_skool/6254|1 munkanap|Ingyenes
6253|Vans Classic Slip-On|A Vans The Late Night Classic Slip-On a klasszikus beb√∫j√≥s cip≈ë vid√°m pepita-√©s-gyors√©tterem mint√°val. Egyebek: p√°rn√°zott fels≈ër√©sz,  rugalmas oldalfal √©s a Vans-t≈ël megszokott ostya-mint√°zat√∫ j√°r√≥talp.|17990|http://www.coreshop.hu/pictures/termekek/6/2/5/3/1_small.jpg|http://www.coreshop.hu/hu/termek/classic_slip-on/6253|1 munkanap|Ingyenes
6203|Vans Classic Slip-On|Classic Slip-On: kell-e t√∂bbet mondanunk? Nem nagyon; ez a cip≈ë a g√∂rdeszk√°s- √©s popkult√∫ra megker√ºlhetetlen eleme, a g√∂rdeszkaparkokt√≥l a mozifilmekig, egysz√≥val a modern √©let minden ter√ºlet√©n, szerte a vil√°gon. Minek k√∂sz√∂nhet≈ë ez a n√©pszer≈±s√©g? Az ut√°nozhatatlan min≈ës√©gnek, emiatt is lett ez a cip≈ë az Off The Wall-innov√°ci√≥s program egyik inspir√°l√≥ja.|15990|http://www.coreshop.hu/pictures/termekek/6/2/0/3/1_small.jpg|http://www.coreshop.hu/hu/termek/classic_slip-on/6203|1 munkanap|Ingyenes
6194|Vans Classic Slip-On|A New Yorkban alkot√≥ multim√©da-m≈±v√©sz, Baron Von Fancy szerte√°gaz√≥ m≈±v√©szi munk√°ss√°ga a hatalmas, k√©preg√©nyes st√≠lusban megalkotott festm√©nyekt≈ël az egyszer≈±nek t≈±n≈ë, de j√°t√©kos √©s egyben k√∂lt≈ëi sz√∂vegekig terjed. Az 50-es √©vek plak√°tjainak st√≠lus√°ban pomp√°z√≥ Baron Von Fancy Classic Slip-On felt≈±n≈ë, k√©z√≠r√°sos feliratokkal vonja mag√°ra a figyelmet, √©l√©nk sz√≠n≈± bet√©tek dobj√°k fel megjelen√©s√©t. Jellemz≈ëi m√©g a strapab√≠r√≥ v√°szon fels≈ër√©sz, a rugalmas oldalfal √©s a Vans-t≈ël megszokott ostya-mint√°zat√∫ j√°r√≥talp.|17990|http://www.coreshop.hu/pictures/termekek/6/1/9/4/1_small.jpg|http://www.coreshop.hu/hu/termek/classic_slip-on/6194|1 munkanap|Ingyenes
6192|Vans Authentic|A New Yorkban alkot√≥ multim√©dia-m≈±v√©sz, Baron Von Fancy szerte√°gaz√≥ m≈±v√©szi munk√°ss√°ga a hatalmas, k√©preg√©nyes st√≠lusban megalkotott festm√©nyekt≈ël az egyszer≈±nek t≈±n≈ë, de j√°t√©kos √©s egyben k√∂lt≈ëi sz√∂vegekig terjed. Az 50-es √©vek plak√°tjainak st√≠lus√°ban pomp√°z√≥ Baron Von Fancy Authentic felt≈±n≈ë, k√©z√≠r√°sos feliratokkal vonja mag√°ra a figyelmet, √©l√©nk sz√≠n≈± bet√©tek dobj√°k fel megjelen√©s√©t. Jellemz≈ëi m√©g a strapab√≠r√≥ v√°szon fels≈ër√©sz, a f√©mb≈ël k√©sz√ºt b√∫jtat√≥k √©s a Vans-t≈ël megszokott gumitalp.|17990|http://www.coreshop.hu/pictures/termekek/6/1/9/2/1_small.jpg|http://www.coreshop.hu/hu/termek/authentic/6192|1 munkanap|Ingyenes
6191|Vans SK8-Hi Slim Zip|A New Yorkban alkot√≥ multim√©da-m≈±v√©sz, Baron Von Fancy szerte√°gaz√≥ m≈±v√©szi munk√°ss√°ga a hatalmas, k√©preg√©nyes st√≠lusban megalkotott festm√©nyekt≈ël az egyszer≈±nek t≈±n≈ë, de j√°t√©kos √©s egyben k√∂lt≈ëi sz√∂vegekig terjed. Az 50-es √©vek plak√°tjainak st√≠lus√°ban pomp√°z√≥ Baron Von Fancy Sk8-Hi Slim Zip felt≈±n≈ë, k√©z√≠r√°sos feliratokkal vonja mag√°ra a figyelmet, √©l√©nk sz√≠n≈± bet√©tek dobj√°k fel megjelen√©s√©t. Jellemz≈ëi m√©g a strapab√≠r√≥ v√°szon fels≈ër√©sz, a zipz√°ras sarok, a p√°rn√°z√°s √©s a Vans-t≈ël megszokott ostya-mint√°zat√∫ j√°r√≥talp.|20990|http://www.coreshop.hu/pictures/termekek/6/1/9/1/1_small.jpg|http://www.coreshop.hu/hu/termek/sk8-hi_slim_zip/6191|1 munkanap|Ingyenes
6190|Vans TNT SG||19990|http://www.coreshop.hu/pictures/termekek/6/1/9/0/1_small.jpg|http://www.coreshop.hu/hu/termek/tnt_sg/6190|1 munkanap|Ingyenes
6189|Vans ISO 1.5|Az Iso 1.5 fels≈ër√©sze az ActionFit‚Ñ¢ technol√≥gia k√∂r√© √©p√ºl, a felhaszn√°lt anyagok pedig a minimalizmus jegy√©ben ker√ºltek kiv√°laszt√°sra, √≠gy j√∂n l√©tre egy extr√©m k√∂nny≈±, egyben hajl√©kony fels≈ër√©sz, maxim√°lis komfort√©rzetet ny√∫jtva. Az eg√©sz egy UltraCush‚Ñ¢ Lite talpon cs√ºcs√ºl, √≠gy eg√©sz nap √∂r√ºlhet√ºnk pillek√∂nny≈± √©s k√©nyelmes cip≈ënknek.|21990|http://www.coreshop.hu/pictures/termekek/6/1/8/9/1_small.jpg|http://www.coreshop.hu/hu/termek/iso_1.5/6189|1 munkanap|Ingyenes
6174|Vans ISO 1.5|Az Iso 1.5 fels≈ër√©sze az ActionFit‚Ñ¢ technol√≥gia k√∂r√© √©p√ºl, a felhaszn√°lt anyagok pedig a minimalizmus jegy√©ben ker√ºltek kiv√°laszt√°sra, √≠gy j√∂n l√©tre egy extr√©m k√∂nny≈±, egyben hajl√©kony fels≈ër√©sz, maxim√°lis komfort√©rzetet ny√∫jtva. Az eg√©sz egy UltraCush‚Ñ¢ Lite talpon cs√ºcs√ºl, √≠gy eg√©sz nap √∂r√ºlhet√ºnk pillek√∂nny≈± √©s k√©nyelmes cip≈ënknek. |20990|http://www.coreshop.hu/pictures/termekek/6/1/7/4/1_small.jpg|http://www.coreshop.hu/hu/termek/iso_1.5/6174|1 munkanap|Ingyenes
6173|Vans ISO 1.5|Az Iso 1.5 fels≈ër√©sze az ActionFit‚Ñ¢ technol√≥gia k√∂r√© √©p√ºl, a felhaszn√°lt anyagok pedig a minimalizmus jegy√©ben ker√ºltek kiv√°laszt√°sra, √≠gy j√∂n l√©tre egy extr√©m k√∂nny≈±, egyben hajl√©kony fels≈ër√©sz, maxim√°lis komfort√©rzetet ny√∫jtva. Az eg√©sz egy UltraCush‚Ñ¢ Lite talpon cs√ºcs√ºl, √≠gy eg√©sz nap √∂r√ºlhet√ºnk pillek√∂nny≈± √©s k√©nyelmes cip≈ënknek. |20990|http://www.coreshop.hu/pictures/termekek/6/1/7/3/1_small.jpg|http://www.coreshop.hu/hu/termek/iso_1.5/6173|1 munkanap|Ingyenes
6172|Vans ISO 1.5|Az Iso 1.5 fels≈ër√©sze az ActionFit‚Ñ¢ technol√≥gia k√∂r√© √©p√ºl, a felhaszn√°lt anyagok pedig a minimalizmus jegy√©ben ker√ºltek kiv√°laszt√°sra, √≠gy j√∂n l√©tre egy extr√©m k√∂nny≈±, egyben hajl√©kony fels≈ër√©sz, maxim√°lis komfort√©rzetet ny√∫jtva. Az eg√©sz egy UltraCush‚Ñ¢ Lite talpon cs√ºcs√ºl, √≠gy eg√©sz nap √∂r√ºlhet√ºnk pillek√∂nny≈± √©s k√©nyelmes cip≈ënknek.|20990|http://www.coreshop.hu/pictures/termekek/6/1/7/2/1_small.jpg|http://www.coreshop.hu/hu/termek/iso_1.5/6172|1 munkanap|Ingyenes
6171|Vans ISO 1.5|Az Iso 1.5 fels≈ër√©sze az ActionFit‚Ñ¢ technol√≥gia k√∂r√© √©p√ºl, a felhaszn√°lt anyagok pedig a minimalizmus jegy√©ben ker√ºltek kiv√°laszt√°sra, √≠gy j√∂n l√©tre egy extr√©m k√∂nny≈±, egyben hajl√©kony fels≈ër√©sz, maxim√°lis komfort√©rzetet ny√∫jtva. Az eg√©sz egy UltraCush‚Ñ¢ Lite talpon cs√ºcs√ºl, √≠gy eg√©sz nap √∂r√ºlhet√ºnk pillek√∂nny≈± √©s k√©nyelmes cip≈ënknek.|21990|http://www.coreshop.hu/pictures/termekek/6/1/7/1/1_small.jpg|http://www.coreshop.hu/hu/termek/iso_1.5/6171|1 munkanap|Ingyenes
6170|Vans Chukka Low|A Chukka Low a Vans-csapat leg√∫jabb fejleszt√©se; olyan klasszikusok inspir√°lt√°k, mint az Authentic vagy a Chukka Boot. Szarvasb≈ër √©s sz√∂vet fels≈ër√©sz; Vans-jellegzetess√©g Waffle (ostya) j√°r√≥talp a j√≥ tapad√°s√©rt;  rezg√©scsillap√≠t√≥ √©s k√©nyelmes UltraCush  HD bet√©t; Pro Vulc fel√©p√≠t√©s: ez mind-mind a Chukka Low, az eredm√©ny pedig egy cip≈ë, ami a legt√∂bbet ny√∫jtja a komfort, v√©delem, hajl√©konys√°g √©s tapad√°s ter√©n.|19990|http://www.coreshop.hu/pictures/termekek/6/1/7/0/1_small.jpg|http://www.coreshop.hu/hu/termek/chukka_low/6170|1 munkanap|Ingyenes
6169|Vans Classic Slip-On|Classic Slip-On: kell-e t√∂bbet mondanunk? Nem nagyon; ez a cip≈ë a g√∂rdeszk√°s- √©s popkult√∫ra megker√ºlhetetlen eleme, a g√∂rdeszkaparkokt√≥l a mozifilmekig, egysz√≥val a modern √©let minden ter√ºlet√©n, szerte a vil√°gon. Minek k√∂sz√∂nhet≈ë ez a n√©pszer≈±s√©g? Az ut√°nozhatatlan min≈ës√©gnek, emiatt is lett ez a cip≈ë az Off The Wall-innov√°ci√≥s program egyik inspir√°l√≥ja.|17990|http://www.coreshop.hu/pictures/termekek/6/1/6/9/1_small.jpg|http://www.coreshop.hu/hu/termek/classic_slip-on/6169|1 munkanap|Ingyenes
6168|Vans Old Skool|Az Old Skool-on jelent meg el≈ësz√∂r a klasszikus oldalcs√≠k, amely m√°ra m√°r a Vans cip≈ëk v√©djegy√©v√© v√°lt. Eszt√©tikus megjelen√©se mellett nagyfok√∫ tart√≥ss√°g jellemzi az Old Skool-t, amit m√°r √©vtizedek √≥ta g√∂rdeszk√°sok gener√°ci√≥i koptatnak.|19990|http://www.coreshop.hu/pictures/termekek/6/1/6/8/1_small.jpg|http://www.coreshop.hu/hu/termek/old_skool/6168|1 munkanap|Ingyenes
6162|Vans ISO 1.5|Az Iso 1.5 fels≈ër√©sze az ActionFit‚Ñ¢ technol√≥gia k√∂r√© √©p√ºl, a felhaszn√°lt anyagok pedig a minimalizmus jegy√©ben ker√ºltek kiv√°laszt√°sra, √≠gy j√∂n l√©tre egy extr√©m k√∂nny≈±, egyben hajl√©kony fels≈ër√©sz, maxim√°lis komfort√©rzetet ny√∫jtva. Az eg√©sz egy UltraCush‚Ñ¢ Lite talpon cs√ºcs√ºl, √≠gy eg√©sz nap √∂r√ºlhet√ºnk pillek√∂nny≈± √©s k√©nyelmes cip≈ënknek.|20990|http://www.coreshop.hu/pictures/termekek/6/1/6/2/1_small.jpg|http://www.coreshop.hu/hu/termek/iso_1.5/6162|1 munkanap|Ingyenes
6161|Vans ISO 1.5|Az Iso 1.5 fels≈ër√©sze az ActionFit‚Ñ¢ technol√≥gia k√∂r√© √©p√ºl, a felhaszn√°lt anyagok pedig a minimalizmus jegy√©ben ker√ºltek kiv√°laszt√°sra, √≠gy j√∂n l√©tre egy extr√©m k√∂nny≈±, egyben hajl√©kony fels≈ër√©sz, maxim√°lis komfort√©rzetet ny√∫jtva. Az eg√©sz egy UltraCush‚Ñ¢ Lite talpon cs√ºcs√ºl, √≠gy eg√©sz nap √∂r√ºlhet√ºnk pillek√∂nny≈± √©s k√©nyelmes cip≈ënknek.|21990|http://www.coreshop.hu/pictures/termekek/6/1/6/1/1_small.jpg|http://www.coreshop.hu/hu/termek/iso_1.5/6161|1 munkanap|Ingyenes
6160|Vans Atwood|Az Atwood a Vans √∂r√∂ks√©g legsikeresebb st√≠lus√°t k√∂veti, tart√≥s √©s k√©nyelmes, ellen√°ll a legdurv√°bb ig√©nybev√©telnek is.|15990|http://www.coreshop.hu/pictures/termekek/6/1/6/0/1_small.jpg|http://www.coreshop.hu/hu/termek/atwood/6160|1 munkanap|Ingyenes
6159|Vans Atwood|Az Atwood a Vans √∂r√∂ks√©g legsikeresebb st√≠lus√°t k√∂veti, tart√≥s √©s k√©nyelmes, ellen√°ll a legdurv√°bb ig√©nybev√©telnek is.|15990|http://www.coreshop.hu/pictures/termekek/6/1/5/9/1_small.jpg|http://www.coreshop.hu/hu/termek/atwood/6159|1 munkanap|Ingyenes
6158|Vans Atwood|Az Atwood a Vans √∂r√∂ks√©g legsikeresebb st√≠lus√°t k√∂veti, tart√≥s √©s k√©nyelmes, ellen√°ll a legdurv√°bb ig√©nybev√©telnek is.|15990|http://www.coreshop.hu/pictures/termekek/6/1/5/8/1_small.jpg|http://www.coreshop.hu/hu/termek/atwood/6158|1 munkanap|Ingyenes
6157|Vans Half Cab|Beadod m√°r a Fakie 360 Ollie-t? Megy olyan j√≥l mint a tr√ºkk kital√°l√≥j√°nak Steve Caballeronak? Ha nem, akkor sincs baj, mert m√©g mindig n√©zhetsz ki olyan j√≥l a deszk√°n mint ≈ë, ha felh√∫zod Stevie cip≈ëj√©t, a Half Cab-et|21990|http://www.coreshop.hu/pictures/termekek/6/1/5/7/1_small.jpg|http://www.coreshop.hu/hu/termek/half_cab/6157|1 munkanap|Ingyenes
6156|Vans Sk8-Hi Reissue|A The Late Night Sk8-Hi Reissue a legend√°s Vans-magassz√°r√∫ leg√∫jabb reinkarn√°ci√≥ja egy kis vintage be√ºt√©ssel; strapab√≠r√≥ festett v√°szon fels≈ër√©sz n√©mi b≈ërrel megsp√©kelve, a kop√°s√°ll√≥s√°g √©rdek√©ben meger≈ës√≠tett orr-r√©sz, jellegzetes ostya-mint√°zat√∫ j√°r√≥talp √©s a p√°rn√°z√°s, hogy a cip≈ë stabil √©s k√©nyelmes lehessen.|21990|http://www.coreshop.hu/pictures/termekek/6/1/5/6/1_small.jpg|http://www.coreshop.hu/hu/termek/sk8-hi_reissue/6156|1 munkanap|Ingyenes
6126|Vans Authentic||17990|http://www.coreshop.hu/pictures/termekek/6/1/2/6/1_small.jpg|http://www.coreshop.hu/hu/termek/authentic/6126|1 munkanap|Ingyenes
6087|Vans ISO 1.5|Az Iso 1.5 fels≈ër√©sze az ActionFit‚Ñ¢ technol√≥gia k√∂r√© √©p√ºl, a felhaszn√°lt anyagok pedig a minimalizmus jegy√©ben ker√ºltek kiv√°laszt√°sra, √≠gy j√∂n l√©tre egy extr√©m k√∂nny≈±, egyben hajl√©kony fels≈ër√©sz, maxim√°lis komfort√©rzetet ny√∫jtva. Az eg√©sz egy UltraCush‚Ñ¢ Lite talpon cs√ºcs√ºl, √≠gy eg√©sz nap √∂r√ºlhet√ºnk pillek√∂nny≈± √©s k√©nyelmes cip≈ënknek.|21990|http://www.coreshop.hu/pictures/termekek/6/0/8/7/1_small.jpg|http://www.coreshop.hu/hu/termek/iso_1.5/6087|1 munkanap|Ingyenes
6086|Vans Old Skool|Az Old Skool-on jelent meg el≈ësz√∂r a klasszikus oldalcs√≠k, amely m√°ra m√°r a Vans cip≈ëk v√©djegy√©v√© v√°lt. Eszt√©tikus megjelen√©se mellett nagyfok√∫ tart√≥ss√°g jellemzi az Old Skool-t, amit m√°r √©vtizedek √≥ta g√∂rdeszk√°sok gener√°ci√≥i koptatnak.|20990|http://www.coreshop.hu/pictures/termekek/6/0/8/6/1_small.jpg|http://www.coreshop.hu/hu/termek/old_skool/6086|1 munkanap|Ingyenes
6085|Vans Sk8-Hi|Sk8-Hi Reissue jellemz≈ëi a strapab√≠r√≥ b≈ër fels≈ër√©sz, a kop√°snak ellen√°ll√≥ meger≈ës√≠tett orr, a Vans Waffle j√°r√≥talp, a p√°rn√°zott nyelv √©s sarok. |21990|http://www.coreshop.hu/pictures/termekek/6/0/8/5/1_small.jpg|http://www.coreshop.hu/hu/termek/sk8-hi/6085|1 munkanap|Ingyenes
6084|Vans Atwood|Az Atwood a Vans √∂r√∂ks√©g legsikeresebb st√≠lus√°t k√∂veti, tart√≥s √©s k√©nyelmes, ellen√°ll a legdurv√°bb ig√©nybev√©telnek is.|15990|http://www.coreshop.hu/pictures/termekek/6/0/8/4/1_small.jpg|http://www.coreshop.hu/hu/termek/atwood/6084|1 munkanap|Ingyenes
6083|Vans Atwood Deluxe|Az Atwood a Vans √∂r√∂ks√©g legsikeresebb st√≠lus√°t k√∂veti, tart√≥s √©s k√©nyelmes, ellen√°ll a legdurv√°bb ig√©nybev√©telnek is.|17990|http://www.coreshop.hu/pictures/termekek/6/0/8/3/1_small.jpg|http://www.coreshop.hu/hu/termek/atwood_deluxe/6083|1 munkanap|Ingyenes
6072|Vans Atwood Deluxe|Az Atwood a Vans √∂r√∂ks√©g legsikeresebb st√≠lus√°t k√∂veti, tart√≥s √©s k√©nyelmes, ellen√°ll a legdurv√°bb ig√©nybev√©telnek is.|17990|http://www.coreshop.hu/pictures/termekek/6/0/7/2/1_small.jpg|http://www.coreshop.hu/hu/termek/atwood_deluxe/6072|1 munkanap|Ingyenes
6069|Vans Chima Ferguson|Chima Ferguson leg√∫jabb cip≈ëje textil fels≈ë r√©sszel √©rkezik. Az UltraCush Lite bet√©t anat√≥miailag form√°zott p√°rn√°z√°sa biztos√≠tja a term√©szetes √©rz√©st, a Vans egyedi Waffle (ostya) j√°r√≥talp pedig a jobb tapad√°sr√≥l gondoskodik. A fels≈ë r√©sz komoly ig√©nybev√©telnek kitett ter√ºletei Duracap meger≈ës√≠t√©st kaptak, a Pro Lite fel√©p√≠t√©s pedig seg√≠t, hogy jobban √©rezz√ºk l√°bunk alatt a lapot deszk√°z√°skor. A hab a tort√°n egy p√°r extra f≈±z≈ë.|19990|http://www.coreshop.hu/pictures/termekek/6/0/6/9/1_small.jpg|http://www.coreshop.hu/hu/termek/chima_ferguson/6069|1 munkanap|Ingyenes
6068|Vans Old Skool Lite|Az Old Skool Lite a klasszikus Old Skool √∫jragondolt v√°ltozata. Modern tervez√©si elvek seg√≠ts√©g√©vel fejlesztett√©k ki az √∫j szab√°st, n√∂velt√©k a k√©nyelem√©rzetet, mik√∂zben l√©nyegesen siker√ºlt cs√∂kkenteni a cip≈ë s√∫ly√°t is. A megszokott √©s szeretett k√ºls≈ë v√°ltozatlan, de eg√©sz m√°s √©rz√©s viselni, k√∂sz√∂nhet≈ëen az ActionFit sarokr√©sznek  √©s az  UltraCush Lite talpnak. (b≈ër √©s textil fels≈ër√©sz)|19990|http://www.coreshop.hu/pictures/termekek/6/0/6/8/1_small.jpg|http://www.coreshop.hu/hu/termek/old_skool_lite/6068|1 munkanap|Ingyenes
6067|Vans Old Skool Lite|Az Old Skool Lite a klasszikus Old Skool √∫jragondolt v√°ltozata. Modern tervez√©si elvek seg√≠ts√©g√©vel fejlesztett√©k ki az √∫j szab√°st, n√∂velt√©k a k√©nyelem√©rzetet, mik√∂zben l√©nyegesen siker√ºlt cs√∂kkenteni a cip≈ë s√∫ly√°t is. A megszokott √©s szeretett k√ºls≈ë v√°ltozatlan, de eg√©sz m√°s √©rz√©s viselni, k√∂sz√∂nhet≈ëen az ActionFit sarokr√©sznek  √©s az  UltraCush Lite talpnak. (b≈ër √©s textil fels≈ër√©sz)|19990|http://www.coreshop.hu/pictures/termekek/6/0/6/7/1_small.jpg|http://www.coreshop.hu/hu/termek/old_skool_lite/6067|1 munkanap|Ingyenes
6066|Vans Atwood|Az Atwood a Vans √∂r√∂ks√©g legsikeresebb st√≠lus√°t k√∂veti, tart√≥s √©s k√©nyelmes, ellen√°ll a legdurv√°bb ig√©nybev√©telnek is.|15990|http://www.coreshop.hu/pictures/termekek/6/0/6/6/1_small.jpg|http://www.coreshop.hu/hu/termek/atwood/6066|1 munkanap|Ingyenes
6065|Vans Atwood|Az Atwood a Vans √∂r√∂ks√©g legsikeresebb st√≠lus√°t k√∂veti, tart√≥s √©s k√©nyelmes, ellen√°ll a legdurv√°bb ig√©nybev√©telnek is.|15990|http://www.coreshop.hu/pictures/termekek/6/0/6/5/1_small.jpg|http://www.coreshop.hu/hu/termek/atwood/6065|1 munkanap|Ingyenes
6064|Vans Authentic||17990|http://www.coreshop.hu/pictures/termekek/6/0/6/4/1_small.jpg|http://www.coreshop.hu/hu/termek/authentic/6064|1 munkanap|Ingyenes
6063|Vans Authentic||17990|http://www.coreshop.hu/pictures/termekek/6/0/6/3/1_small.jpg|http://www.coreshop.hu/hu/termek/authentic/6063|1 munkanap|Ingyenes
6062|Vans Atwood Low|Az Atwood Low egy nosztalgikus k√ºlsej≈± alacsonysz√°r√∫ cip≈ë, dupl√°n varrott, tart√≥s v√°szon fels≈ër√©sszel, f√©m b√∫jtat√≥kkal, Vans-tipikus gumi Waffle-j√°r√≥talppal √©s vulkaniz√°lt fel√©p√≠t√©ssel; az eredm√©ny egy k√©nyelmes cip≈ë.|15990|http://www.coreshop.hu/pictures/termekek/6/0/6/2/1_small.jpg|http://www.coreshop.hu/hu/termek/atwood_low/6062|1 munkanap|Ingyenes
6058|Vans ISO 1.5|Az Iso 1.5 fels≈ër√©sze az ActionFit‚Ñ¢ technol√≥gia k√∂r√© √©p√ºl, a felhaszn√°lt anyagok pedig a minimalizmus jegy√©ben ker√ºltek kiv√°laszt√°sra, √≠gy j√∂n l√©tre egy extr√©m k√∂nny≈±, egyben hajl√©kony fels≈ër√©sz, maxim√°lis komfort√©rzetet ny√∫jtva. Az eg√©sz egy UltraCush‚Ñ¢ Lite talpon cs√ºcs√ºl, √≠gy eg√©sz nap √∂r√ºlhet√ºnk pillek√∂nny≈± √©s k√©nyelmes cip≈ënknek.|20990|http://www.coreshop.hu/pictures/termekek/6/0/5/8/1_small.jpg|http://www.coreshop.hu/hu/termek/iso_1.5/6058|1 munkanap|Ingyenes
6057|Vans ISO 1.5|Az Iso 1.5 fels≈ër√©sze az ActionFit‚Ñ¢ technol√≥gia k√∂r√© √©p√ºl, a felhaszn√°lt anyagok pedig a minimalizmus jegy√©ben ker√ºltek kiv√°laszt√°sra, √≠gy j√∂n l√©tre egy extr√©m k√∂nny≈±, egyben hajl√©kony fels≈ër√©sz, maxim√°lis komfort√©rzetet ny√∫jtva. Az eg√©sz egy UltraCush‚Ñ¢ Lite talpon cs√ºcs√ºl, √≠gy eg√©sz nap √∂r√ºlhet√ºnk pillek√∂nny≈± √©s k√©nyelmes cip≈ënknek.
|21990|http://www.coreshop.hu/pictures/termekek/6/0/5/7/1_small.jpg|http://www.coreshop.hu/hu/termek/iso_1.5/6057|1 munkanap|Ingyenes
6056|Vans ISO 1.5|Az Iso 1.5 fels≈ër√©sze az ActionFit‚Ñ¢ technol√≥gia k√∂r√© √©p√ºl, a felhaszn√°lt anyagok pedig a minimalizmus jegy√©ben ker√ºltek kiv√°laszt√°sra, √≠gy j√∂n l√©tre egy extr√©m k√∂nny≈±, egyben hajl√©kony fels≈ër√©sz, maxim√°lis komfort√©rzetet ny√∫jtva. Az eg√©sz egy UltraCush‚Ñ¢ Lite talpon cs√ºcs√ºl, √≠gy eg√©sz nap √∂r√ºlhet√ºnk pillek√∂nny≈± √©s k√©nyelmes cip≈ënknek.|21990|http://www.coreshop.hu/pictures/termekek/6/0/5/6/1_small.jpg|http://www.coreshop.hu/hu/termek/iso_1.5/6056|1 munkanap|Ingyenes
6055|Vans Half Cab|Beadod m√°r a Fakie 360 Ollie-t? Megy olyan j√≥l mint a tr√ºkk kital√°l√≥j√°nak Steve Caballeronak? Ha nem, akkor sincs baj, mert m√©g mindig n√©zhetsz ki olyan j√≥l a deszk√°n mint ≈ë, ha felh√∫zod Stevie cip≈ëj√©t, a Half Cab-et|21990|http://www.coreshop.hu/pictures/termekek/6/0/5/5/1_small.jpg|http://www.coreshop.hu/hu/termek/half_cab/6055|1 munkanap|Ingyenes
6054|Vans TNT SG|A Tony Trujillo nev√©vel f√©mjelzett TNT SG ‚Äì a Vans klasszikus alacsonysz√°r√∫ Old Skool csal√°dj√°nak tagja - leg√∫jabb reinkarn√°ci√≥ja most feljebb l√©pett, imm√°r a Pro Classics kateg√≥ria k√©pvisel≈ëje. Az UltraCush HD bet√©t k√ºl√∂nleges p√°rn√°z√°sa a k√©nyelmet szolg√°lja, a Duracap l√°bujjv√©d≈ë √©s a meger≈ës√≠tett oldalfal extra tart√≥ss√°got biztos√≠tanak. Term√©szetesen nem maradhat el a legend√°s Vans ostyamint√°zat√∫ j√°r√≥talp sem.|19990|http://www.coreshop.hu/pictures/termekek/6/0/5/4/1_small.jpg|http://www.coreshop.hu/hu/termek/tnt_sg/6054|1 munkanap|Ingyenes
6052|Vans Atwood Deluxe|Az Atwood a Vans √∂r√∂ks√©g legsikeresebb st√≠lus√°t k√∂veti, tart√≥s √©s k√©nyelmes, ellen√°ll a legdurv√°bb ig√©nybev√©telnek is.|17990|http://www.coreshop.hu/pictures/termekek/6/0/5/2/1_small.jpg|http://www.coreshop.hu/hu/termek/atwood_deluxe/6052|1 munkanap|Ingyenes
6051|Vans Sk8-Hi Reissue|Sk8-Hi Reissue jellemz≈ëi a strapab√≠r√≥ b≈ër fels≈ër√©sz, a kop√°snak ellen√°ll√≥ meger≈ës√≠tett orr, a Vans Waffle j√°r√≥talp, a p√°rn√°zott nyelv √©s sarok. |19990|http://www.coreshop.hu/pictures/termekek/6/0/5/1/1_small.jpg|http://www.coreshop.hu/hu/termek/sk8-hi_reissue/6051|1 munkanap|Ingyenes
6050|Vans Atwood Low|Az Atwood Low egy nosztalgikus k√ºlsej≈± alacsonysz√°r√∫ cip≈ë, dupl√°n varrott, tart√≥s v√°szon fels≈ër√©sszel, f√©m b√∫jtat√≥kkal, Vans-tipikus gumi Waffle-j√°r√≥talppal √©s vulkaniz√°lt fel√©p√≠t√©ssel; az eredm√©ny egy k√©nyelmes cip≈ë. |15990|http://www.coreshop.hu/pictures/termekek/6/0/5/0/1_small.jpg|http://www.coreshop.hu/hu/termek/atwood_low/6050|1 munkanap|Ingyenes
6049|Vans Atwood Low|Az Atwood Low egy nosztalgikus k√ºlsej≈± alacsonysz√°r√∫ cip≈ë, dupl√°n varrott, tart√≥s v√°szon fels≈ër√©sszel, f√©m b√∫jtat√≥kkal, Vans-tipikus gumi Waffle-j√°r√≥talppal √©s vulkaniz√°lt fel√©p√≠t√©ssel; az eredm√©ny egy k√©nyelmes cip≈ë. |15990|http://www.coreshop.hu/pictures/termekek/6/0/4/9/1_small.jpg|http://www.coreshop.hu/hu/termek/atwood_low/6049|1 munkanap|Ingyenes
6048|Vans Atwood Low|Az Atwood Low egy nosztalgikus k√ºlsej≈± alacsonysz√°r√∫ cip≈ë, dupl√°n varrott, tart√≥s v√°szon fels≈ër√©sszel, f√©m b√∫jtat√≥kkal, Vans-tipikus gumi Waffle-j√°r√≥talppal √©s vulkaniz√°lt fel√©p√≠t√©ssel; az eredm√©ny egy k√©nyelmes cip≈ë. |15990|http://www.coreshop.hu/pictures/termekek/6/0/4/8/1_small.jpg|http://www.coreshop.hu/hu/termek/atwood_low/6048|1 munkanap|Ingyenes
6046|Vans Sk8-Hi Reissue|Sk8-Hi Reissue jellemz≈ëi a strapab√≠r√≥ b≈ër fels≈ër√©sz, a kop√°snak ellen√°ll√≥ meger≈ës√≠tett orr, a Vans Waffle j√°r√≥talp, a p√°rn√°zott nyelv √©s sarok. |19990|http://www.coreshop.hu/pictures/termekek/6/0/4/6/1_small.jpg|http://www.coreshop.hu/hu/termek/sk8-hi_reissue/6046|1 munkanap|Ingyenes
6045|Vans Sk8-Hi MTE||19990|http://www.coreshop.hu/pictures/termekek/6/0/4/5/1_small.jpg|http://www.coreshop.hu/hu/termek/sk8-hi_mte/6045|1 munkanap|Ingyenes
6044|Vans Sk8-Hi MTE||19990|http://www.coreshop.hu/pictures/termekek/6/0/4/4/1_small.jpg|http://www.coreshop.hu/hu/termek/sk8-hi_mte/6044|1 munkanap|Ingyenes
6041|Vans Bedford|A Bedford-dal a Vans bebizony√≠tja, hogy m√©g mindig tud √∫jat mutatni a deszk√°s piacon; ez esetben a hagyom√°nyos f√©lmagassz√°r√∫ k√ºls≈ët vegy√≠ti a modern karcs√∫ diz√°jnnal. Letisztult orr-r√©sz, a cip≈ë sz√≠n√©vel megegyez≈ë m√°rkajelz√©s √©s a pr√©mium anyagok haszn√°lata teszik teljess√© a csomagot.|19990|http://www.coreshop.hu/pictures/termekek/6/0/4/1/1_small.jpg|http://www.coreshop.hu/hu/termek/bedford/6041|1 munkanap|Ingyenes
6009|Vans Sk8-Hi Slim Zip||17590|http://www.coreshop.hu/pictures/termekek/6/0/0/9/1_small.jpg|http://www.coreshop.hu/hu/termek/sk8-hi_slim_zip/6009|1 munkanap|Ingyenes
5987|Vans Bedford|A Bedford-dal a Vans bebizony√≠tja, hogy m√©g mindig tud √∫jat mutatni a deszk√°s piacon; ez esetben a hagyom√°nyos f√©lmagassz√°r√∫ k√ºls≈ët vegy√≠ti a modern karcs√∫ diz√°jnnal. Letisztult orr-r√©sz, a cip≈ë sz√≠n√©vel megegyez≈ë m√°rkajelz√©s √©s a pr√©mium anyagok haszn√°lata teszik teljess√© a csomagot.|18390|http://www.coreshop.hu/pictures/termekek/5/9/8/7/1_small.jpg|http://www.coreshop.hu/hu/termek/bedford/5987|1 munkanap|Ingyenes
5986|Vans Half Cab|Beadod m√°r a Fakie 360 Ollie-t? Megy olyan j√≥l mint a tr√ºkk kital√°l√≥j√°nak Steve Caballeronak? Ha nem, akkor sincs baj, mert m√©g mindig n√©zhetsz ki olyan j√≥l a deszk√°n mint ≈ë, ha felh√∫zod Stevie cip≈ëj√©t, a Half Cab-et|18390|http://www.coreshop.hu/pictures/termekek/5/9/8/6/1_small.jpg|http://www.coreshop.hu/hu/termek/half_cab/5986|1 munkanap|Ingyenes
5983|Vans Sk8-Hi MTE|Az MTE a t√©l gyermeke. Scotchgard-bevonattal rendelkez≈ë fels≈ër√©sz, meleg gyapj√∫-b√©l√©s √©s  h≈ëszigetel≈ë r√©teg a k√ºls≈ë √©s a bels≈ë talp k√∂z√∂tt: ezek seg√≠tenek abban, hogy a l√°b sz√°raz √©s meleg maradjon. Az √∫j fejleszt√©s≈±  cs√∫sz√°sg√°tl√≥ talp 20 √©v snowboard tapasztalat√°t t√ºkr√∂zi,st√≠lus √©s funkci√≥ t√∂k√©letes √∂sszhangja.|19990|http://www.coreshop.hu/pictures/termekek/5/9/8/3/1_small.jpg|http://www.coreshop.hu/hu/termek/sk8-hi_mte/5983|1 munkanap|Ingyenes
5982|Vans Sk8-Hi Lite|Az Sk8-Hi Lite a klasszikus Sk8-Hi √∫jragondolt v√°ltozata. Modern tervez√©si elvek seg√≠ts√©g√©vel fejlesztett√©k ki az √∫j szab√°st, n√∂velt√©k a k√©nyelem√©rzetet, mik√∂zben l√©nyegesen siker√ºlt cs√∂kkenteni a cip≈ë s√∫ly√°t is. A megszokott √©s szeretett k√ºls≈ë v√°ltozatlan, de eg√©sz m√°s √©rz√©s viselni, k√∂sz√∂nhet≈ëen az ActionFit sarokr√©sznek  √©s az  UltraCush Lite talpnak.

A Sk8-Hi igen n√©pszer≈± modell a deszk√°sok, zen√©szek, m≈±v√©szek k√∂reiben.|18390|http://www.coreshop.hu/pictures/termekek/5/9/8/2/1_small.jpg|http://www.coreshop.hu/hu/termek/sk8-hi_lite/5982|1 munkanap|Ingyenes
5862|Vans Atwood|Az Atwood a Vans √∂r√∂ks√©g legsikeresebb st√≠lus√°t k√∂veti, tart√≥s √©s k√©nyelmes, ellen√°ll a legdurv√°bb ig√©nybev√©telnek is.|12990|http://www.coreshop.hu/pictures/termekek/5/8/6/2/1_small.jpg|http://www.coreshop.hu/hu/termek/atwood/5862|1 munkanap|Ingyenes
5859|Vans SK8-Hi MTE|Az MTE a t√©l gyermeke. Scotchgard-bevonattal rendelkez≈ë fels≈ër√©sz, meleg gyapj√∫-b√©l√©s √©s  h≈ëszigetel≈ë r√©teg a k√ºls≈ë √©s a bels≈ë talp k√∂z√∂tt: ezek seg√≠tenek abban, hogy a l√°b sz√°raz √©s meleg maradjon. Az √∫j fejleszt√©s≈±  cs√∫sz√°sg√°tl√≥ talp 20 √©v snowboard tapasztalat√°t t√ºkr√∂zi,st√≠lus √©s funkci√≥ t√∂k√©letes √∂sszhangja.|19990|http://www.coreshop.hu/pictures/termekek/5/8/5/9/1_small.jpg|http://www.coreshop.hu/hu/termek/sk8-hi_mte/5859|1 munkanap|Ingyenes
5857|Vans SK8-Hi MTE|Az MTE a t√©l gyermeke. Scotchgard-bevonattal rendelkez≈ë fels≈ër√©sz, meleg gyapj√∫-b√©l√©s √©s  h≈ëszigetel≈ë r√©teg a k√ºls≈ë √©s a bels≈ë talp k√∂z√∂tt: ezek seg√≠tenek abban, hogy a l√°b sz√°raz √©s meleg maradjon. Az √∫j fejleszt√©s≈±  cs√∫sz√°sg√°tl√≥ talp 20 √©v snowboard tapasztalat√°t t√ºkr√∂zi,st√≠lus √©s funkci√≥ t√∂k√©letes √∂sszhangja.|19990|http://www.coreshop.hu/pictures/termekek/5/8/5/7/1_small.jpg|http://www.coreshop.hu/hu/termek/sk8-hi_mte/5857|1 munkanap|Ingyenes
5856|Vans SK8-Hi MTE|Az MTE a t√©l gyermeke. Scotchgard-bevonattal rendelkez≈ë fels≈ër√©sz, meleg gyapj√∫-b√©l√©s √©s  h≈ëszigetel≈ë r√©teg a k√ºls≈ë √©s a bels≈ë talp k√∂z√∂tt: ezek seg√≠tenek abban, hogy a l√°b sz√°raz √©s meleg maradjon. Az √∫j fejleszt√©s≈±  cs√∫sz√°sg√°tl√≥ talp 20 √©v snowboard tapasztalat√°t t√ºkr√∂zi,st√≠lus √©s funkci√≥ t√∂k√©letes √∂sszhangja.|19990|http://www.coreshop.hu/pictures/termekek/5/8/5/6/1_small.jpg|http://www.coreshop.hu/hu/termek/sk8-hi_mte/5856|1 munkanap|Ingyenes
5854|Vans Atwood Hi|Az Atwood Hi jellemz≈ëi a b≈ër magassz√°r, f√©m b√∫jtat√≥k, p√°rn√°zott nyelv, vulkaniz√°lt talpszerkezet √©s a jellegzetes Vans Waffle (ostya) mint√°zat a j√°r√≥talpon.|15990|http://www.coreshop.hu/pictures/termekek/5/8/5/4/1_small.jpg|http://www.coreshop.hu/hu/termek/atwood_hi/5854|1 munkanap|Ingyenes
5791|Vans SK8-Hi Slim|Az Ombre Floral SK8-Hi Slim a legend√°s magassz√°r√∫ SK8-Hi karcs√∫s√≠tott verzi√≥ja; tart√≥s grafik√°zott v√°szon √©s szarvasb≈ër fels≈ër√©sszel, waffle(ostya)-mint√°zat√∫ j√°r√≥talppal √©s p√°rn√°zott bokar√©sszel, hogy cip≈ënk stabil, egyben hajl√©kony legyen.|15990|http://www.coreshop.hu/pictures/termekek/5/7/9/1/1_small.jpg|http://www.coreshop.hu/hu/termek/sk8-hi_slim/5791|1 munkanap|Ingyenes
5790|Vans Atwood Low|Az Atwood Low egy nosztalgikus k√ºlsej≈± alacsonysz√°r√∫ cip≈ë, dupl√°n varrott, tart√≥s v√°szon fels≈ër√©sszel, f√©m b√∫jtat√≥kkal, Vans-tipikus gumi Waffle-j√°r√≥talppal √©s vulkaniz√°lt fel√©p√≠t√©ssel; az eredm√©ny egy k√©nyelmes cip≈ë. |12790|http://www.coreshop.hu/pictures/termekek/5/7/9/0/1_small.jpg|http://www.coreshop.hu/hu/termek/atwood_low/5790|1 munkanap|Ingyenes
5751|Vans Chukka Low|A Chukka Low a Vans-csapat leg√∫jabb fejleszt√©se; olyan klasszikusok inspir√°lt√°k, mint az Authentic vagy a Chukka Boot. Szarvasb≈ër √©s sz√∂vet fels≈ër√©sz; Vans-jellegzetess√©g Waffle (ostya) j√°r√≥talp a j√≥ tapad√°s√©rt;  rezg√©scsillap√≠t√≥ √©s k√©nyelmes UltraCush  HD bet√©t; Pro Vulc fel√©p√≠t√©s: ez mind-mind a Chukka Low, az eredm√©ny pedig egy cip≈ë, ami a legt√∂bbet ny√∫jtja a komfort, v√©delem, hajl√©konys√°g √©s tapad√°s ter√©n.|14390|http://www.coreshop.hu/pictures/termekek/5/7/5/1/1_small.jpg|http://www.coreshop.hu/hu/termek/chukka_low/5751|1 munkanap|Ingyenes
5750|Vans Chukka Low|A Chukka Low a Vans-csapat leg√∫jabb fejleszt√©se; olyan klasszikusok inspir√°lt√°k, mint az Authentic vagy a Chukka Boot. Szarvasb≈ër √©s sz√∂vet fels≈ër√©sz; Vans-jellegzetess√©g Waffle (ostya) j√°r√≥talp a j√≥ tapad√°s√©rt;  rezg√©scsillap√≠t√≥ √©s k√©nyelmes UltraCush  HD bet√©t; Pro Vulc fel√©p√≠t√©s: ez mind-mind a Chukka Low, az eredm√©ny pedig egy cip≈ë, ami a legt√∂bbet ny√∫jtja a komfort, v√©delem, hajl√©konys√°g √©s tapad√°s ter√©n.|15990|http://www.coreshop.hu/pictures/termekek/5/7/5/0/1_small.jpg|http://www.coreshop.hu/hu/termek/chukka_low/5750|1 munkanap|Ingyenes
5739|Vans Authentic (Eley Kishimoto)|A Vans √©s Eley Kishimoto bemutatja: egy kollekci√≥, ami kreat√≠v √∂nkifejez√©si m√≥d √©s viselhet≈ë m≈±v√©szet egyben. Az Eley Kishimoto Authentic a Vans x Eley Kishimoto kollekci√≥ r√©sze, a megszokott √©s szeretett Vans alacsonysz√°r√∫ st√≠lust kombin√°lja a teljes fel√ºletet bebor√≠t√≥ vill√°m-√©s-magn√≥liavir√°g d√≠sz√≠t√©ssel. Jellemz≈ëi m√©g a strapab√≠r√≥ v√°szon fels≈ër√©sz, a f√©m b√∫jtat√≥k √©s a gumitalp.|14390|http://www.coreshop.hu/pictures/termekek/5/7/3/9/1_small.jpg|http://www.coreshop.hu/hu/termek/authentic_(eley_kishimoto)/5739|1 munkanap|Ingyenes
5696|Vans Authentic|A Vans t√∂rt√©nete, kapcsolata a g√∂rdeszk√°s √©s sz√∂rf√∂s kult√∫r√°val 1966-ban kezd≈ëd√∂tt D√©l-Kaliforni√°ban. Ekkor l√°tott napvil√°got az els≈ë Vans cip≈ë az Authentic, mely gener√°ci√≥k √≥ta t√∂retlen n√©pszer≈±s√©gnek √∂rvend a core skaterek √©s a st√≠lussal szimpatiz√°l√≥k k√∂r√©ben egyar√°nt, k√∂sz√∂nhet≈ëen az egyszer≈± de st√≠lusos megjelen√©s√©nek.|13590|http://www.coreshop.hu/pictures/termekek/5/6/9/6/1_small.jpg|http://www.coreshop.hu/hu/termek/authentic/5696|1 munkanap|Ingyenes
5667|Vans Atwood Deluxe|Az Atwood a Vans √∂r√∂ks√©g legsikeresebb st√≠lus√°t k√∂veti, tart√≥s √©s k√©nyelmes, ellen√°ll a legdurv√°bb ig√©nybev√©telnek is.|13590|http://www.coreshop.hu/pictures/termekek/5/6/6/7/1_small.jpg|http://www.coreshop.hu/hu/termek/atwood_deluxe/5667|1 munkanap|Ingyenes
5630|Vans Era||12990|http://www.coreshop.hu/pictures/termekek/5/6/3/0/1_small.jpg|http://www.coreshop.hu/hu/termek/era/5630|1 munkanap|Ingyenes
5620|Vans Atwood|Az Atwood a Vans √∂r√∂ks√©g legsikeresebb st√≠lus√°t k√∂veti, tart√≥s √©s k√©nyelmes, ellen√°ll a legdurv√°bb ig√©nybev√©telnek is.|12790|http://www.coreshop.hu/pictures/termekek/5/6/2/0/1_small.jpg|http://www.coreshop.hu/hu/termek/atwood/5620|1 munkanap|Ingyenes
5615|Vans Atwood|Az Atwood a Vans √∂r√∂ks√©g legsikeresebb st√≠lus√°t k√∂veti, tart√≥s √©s k√©nyelmes, ellen√°ll a legdurv√°bb ig√©nybev√©telnek is.|12790|http://www.coreshop.hu/pictures/termekek/5/6/1/5/1_small.jpg|http://www.coreshop.hu/hu/termek/atwood/5615|1 munkanap|Ingyenes
5561|Vans Atwood|Az Atwood a Vans √∂r√∂ks√©g legsikeresebb st√≠lus√°t k√∂veti, tart√≥s √©s k√©nyelmes, ellen√°ll a legdurv√°bb ig√©nybev√©telnek is. |15990|http://www.coreshop.hu/pictures/termekek/5/5/6/1/1_small.jpg|http://www.coreshop.hu/hu/termek/atwood/5561|1 munkanap|Ingyenes
5487|Vans Atwood|Az Atwood a Vans √∂r√∂ks√©g legsikeresebb st√≠lus√°t k√∂veti, tart√≥s √©s k√©nyelmes, ellen√°ll a legdurv√°bb ig√©nybev√©telnek is.|15990|http://www.coreshop.hu/pictures/termekek/5/4/8/7/1_small.jpg|http://www.coreshop.hu/hu/termek/atwood/5487|1 munkanap|Ingyenes
5483|Vans TNT SG|A Tony Trujillo nev√©vel f√©mjelzett TNT SG ‚Äì a Vans klasszikus alacsonysz√°r√∫ Old Skool csal√°dj√°nak tagja - leg√∫jabb reinkarn√°ci√≥ja most feljebb l√©pett, imm√°r a Pro Classics kateg√≥ria k√©pvisel≈ëje. Az UltraCush HD bet√©t k√ºl√∂nleges p√°rn√°z√°sa a k√©nyelmet szolg√°lja, a Duracap l√°bujjv√©d≈ë √©s a meger≈ës√≠tett oldalfal extra tart√≥ss√°got biztos√≠tanak. Term√©szetesen nem maradhat el a legend√°s Vans ostyamint√°zat√∫ j√°r√≥talp sem.|19990|http://www.coreshop.hu/pictures/termekek/5/4/8/3/1_small.jpg|http://www.coreshop.hu/hu/termek/tnt_sg/5483|1 munkanap|Ingyenes
5482|Vans Atwood|Az Atwood a Vans √∂r√∂ks√©g legsikeresebb st√≠lus√°t k√∂veti, tart√≥s √©s k√©nyelmes, ellen√°ll a legdurv√°bb ig√©nybev√©telnek is.|12790|http://www.coreshop.hu/pictures/termekek/5/4/8/2/1_small.jpg|http://www.coreshop.hu/hu/termek/atwood/5482|1 munkanap|Ingyenes
5358|Vans Old Skool|Az Old Skool-on jelent meg el≈ësz√∂r a klasszikus oldalcs√≠k, amely m√°ra m√°r a Vans cip≈ëk v√©djegy√©v√© v√°lt. Eszt√©tikus megjelen√©se mellett nagyfok√∫ tart√≥ss√°g jellemzi az Old Skool-t, amit m√°r √©vtizedek √≥ta g√∂rdeszk√°sok gener√°ci√≥i koptatnak.|17990|http://www.coreshop.hu/pictures/termekek/5/3/5/8/1_small.jpg|http://www.coreshop.hu/hu/termek/old_skool/5358|1 munkanap|Ingyenes
5338|Vans Authentic|A Vans t√∂rt√©nete, kapcsolata a g√∂rdeszk√°s √©s sz√∂rf√∂s kult√∫r√°val 1966-ban kezd≈ëd√∂tt D√©l-Kaliforni√°ban. Ekkor l√°tott napvil√°got az els≈ë Vans cip≈ë az Authentic, mely gener√°ci√≥k √≥ta t√∂retlen n√©pszer≈±s√©gnek √∂rvend a core skaterek √©s a st√≠lussal szimpatiz√°l√≥k k√∂r√©ben egyar√°nt, k√∂sz√∂nhet≈ëen az egyszer≈±, de st√≠lusos megjelen√©s√©nek.|12790|http://www.coreshop.hu/pictures/termekek/5/3/3/8/1_small.jpg|http://www.coreshop.hu/hu/termek/authentic/5338|1 munkanap|Ingyenes
5262|Vans Era|A Vans Era egy klasszikus deszk√°s cip≈ë. Hosszasan lehetne mes√©lni arr√≥l, hogy mi√©rt v√°lt legend√°v√° a g√∂rdeszk√°sok k√∂r√©ben, de a k√©nyelem mindent megmagyar√°z. Puha talpbet√©t, dupla varr√°s √©s az elmaradhatatlan gofri talp.|12990|http://www.coreshop.hu/pictures/termekek/5/2/6/2/1_small.jpg|http://www.coreshop.hu/hu/termek/era/5262|1 munkanap|Ingyenes
5261|Vans Era|A Vans Era egy klasszikus deszk√°s cip≈ë. Hosszasan lehetne mes√©lni arr√≥l, hogy mi√©rt v√°lt legend√°v√° a g√∂rdeszk√°sok k√∂r√©ben, de a k√©nyelem mindent megmagyar√°z. Puha talpbet√©t, dupla varr√°s √©s az elmaradhatatlan gofri talp.|12990|http://www.coreshop.hu/pictures/termekek/5/2/6/1/1_small.jpg|http://www.coreshop.hu/hu/termek/era/5261|1 munkanap|Ingyenes
5255|Vans Era|A Vans Era egy klasszikus deszk√°s cip≈ë. Hosszasan lehetne mes√©lni arr√≥l, hogy mi√©rt v√°lt legend√°v√° a g√∂rdeszk√°sok k√∂r√©ben, de a k√©nyelem mindent megmagyar√°z. Puha talpbet√©t, dupla varr√°s √©s az elmaradhatatlan gofri talp.|12990|http://www.coreshop.hu/pictures/termekek/5/2/5/5/1_small.jpg|http://www.coreshop.hu/hu/termek/era/5255|1 munkanap|Ingyenes
5163|Vans Classic Slip-On|Classic Slip-On: kell-e t√∂bbet mondanunk? Nem nagyon; ez a cip≈ë a g√∂rdeszk√°s- √©s popkult√∫ra megker√ºlhetetlen eleme, a g√∂rdeszkaparkokt√≥l a mozifilmekig, egysz√≥val a modern √©let minden ter√ºlet√©n, szerte a vil√°gon. Minek k√∂sz√∂nhet≈ë ez a n√©pszer≈±s√©g? Az ut√°nozhatatlan min≈ës√©gnek, emiatt is lett ez a cip≈ë az Off The Wall-innov√°ci√≥s program egyik inspir√°l√≥ja.|15990|http://www.coreshop.hu/pictures/termekek/5/1/6/3/1_small.jpg|http://www.coreshop.hu/hu/termek/classic_slip-on/5163|1 munkanap|Ingyenes
5116|Vans Atwood|Az Atwood a Vans √∂r√∂ks√©g legsikeresebb st√≠lus√°t k√∂veti, tart√≥s √©s k√©nyelmes, ellen√°ll a legdurv√°bb ig√©nybev√©telnek is.|12790|http://www.coreshop.hu/pictures/termekek/5/1/1/6/1_small.jpg|http://www.coreshop.hu/hu/termek/atwood/5116|1 munkanap|Ingyenes
5100|Vans Authentic|A Vans t√∂rt√©nete, kapcsolata a g√∂rdeszk√°s √©s sz√∂rf√∂s kult√∫r√°val 1966-ban kezd≈ëd√∂tt D√©l-Kaliforni√°ban. Ekkor l√°tott napvil√°got az els≈ë Vans cip≈ë az Authentic, mely gener√°ci√≥k √≥ta t√∂retlen n√©pszer≈±s√©gnek √∂rvend a core skaterek √©s a st√≠lussal szimpatiz√°l√≥k k√∂r√©ben egyar√°nt, k√∂sz√∂nhet≈ëen az egyszer≈±, de st√≠lusos megjelen√©s√©nek.|12790|http://www.coreshop.hu/pictures/termekek/5/1/0/0/1_small.jpg|http://www.coreshop.hu/hu/termek/authentic/5100|1 munkanap|Ingyenes
5044|Vans Atwood Low||13590|http://www.coreshop.hu/pictures/termekek/5/0/4/4/1_small.jpg|http://www.coreshop.hu/hu/termek/atwood_low/5044|1 munkanap|Ingyenes
5040|Vans Era|A Vans Era egy klasszikus deszk√°s cip≈ë. Hosszasan lehetne mes√©lni arr√≥l, hogy mi√©rt v√°lt legend√°v√° a g√∂rdeszk√°sok k√∂r√©ben, de a k√©nyelem mindent megmagyar√°z. Puha talpbet√©t, dupla varr√°s √©s az elmaradhatatlan gofri talp.|12990|http://www.coreshop.hu/pictures/termekek/5/0/4/0/1_small.jpg|http://www.coreshop.hu/hu/termek/era/5040|1 munkanap|Ingyenes
5016|Vans Atwood|Az Atwood a Vans √∂r√∂ks√©g legsikeresebb st√≠lus√°t k√∂veti, tart√≥s √©s k√©nyelmes, ellen√°ll a legdurv√°bb ig√©nybev√©telnek is.|12790|http://www.coreshop.hu/pictures/termekek/5/0/1/6/1_small.jpg|http://www.coreshop.hu/hu/termek/atwood/5016|1 munkanap|Ingyenes
5004|Vans Atwood|Az Atwood a Vans √∂r√∂ks√©g legsikeresebb st√≠lus√°t k√∂veti, tart√≥s √©s k√©nyelmes, ellen√°ll a legdurv√°bb ig√©nybev√©telnek is.|12790|http://www.coreshop.hu/pictures/termekek/5/0/0/4/1_small.jpg|http://www.coreshop.hu/hu/termek/atwood/5004|1 munkanap|Ingyenes
4511|Vans Era|A Vans Era egy klasszikus deszk√°s cip≈ë. Hosszasan lehetne mes√©lni arr√≥l, hogy mi√©rt v√°lt legend√°v√° a g√∂rdeszk√°sok k√∂r√©ben, de a k√©nyelem mindent megmagyar√°z. Puha talpbet√©t, dupla varr√°s √©s az elmaradhatatlan gofri talp.|16990|http://www.coreshop.hu/pictures/termekek/4/5/1/1/1_small.jpg|http://www.coreshop.hu/hu/termek/era/4511|1 munkanap|Ingyenes
4454|Vans Old Skool|Az Old Skool-on jelent meg el≈ësz√∂r a klasszikus oldalcs√≠k, amely m√°ra m√°r a Vans cip≈ëk v√©djegy√©v√© v√°lt. Eszt√©tikus megjelen√©se mellett nagyfok√∫ tart√≥ss√°g jellemzi az Old Skool-t, amit m√°r √©vtizedek √≥ta g√∂rdeszk√°sok gener√°ci√≥i koptatnak.|17990|http://www.coreshop.hu/pictures/termekek/4/4/5/4/1_small.jpg|http://www.coreshop.hu/hu/termek/old_skool/4454|1 munkanap|Ingyenes
4437|Vans Authentic|A Vans t√∂rt√©nete, kapcsolata a g√∂rdeszk√°s √©s sz√∂rf√∂s kult√∫r√°val 1966-ban kezd≈ëd√∂tt D√©l-Kaliforni√°ban. Ekkor l√°tott napvil√°got az els≈ë Vans cip≈ë az Authentic, mely gener√°ci√≥k √≥ta t√∂retlen n√©pszer≈±s√©gnek √∂rvend a core skaterek √©s a st√≠lussal szimpatiz√°l√≥k k√∂r√©ben egyar√°nt, k√∂sz√∂nhet≈ëen az egyszer≈± de st√≠lusos megjelen√©s√©nek. (Hamarosan tov√°bbi m√©retekben is rendelhet≈ë)|15990|http://www.coreshop.hu/pictures/termekek/4/4/3/7/1_small.jpg|http://www.coreshop.hu/hu/termek/authentic/4437|1 munkanap|Ingyenes
4436|Vans Authentic|A Vans t√∂rt√©nete, kapcsolata a g√∂rdeszk√°s √©s sz√∂rf√∂s kult√∫r√°val 1966-ban kezd≈ëd√∂tt D√©l-Kaliforni√°ban. Ekkor l√°tott napvil√°got az els≈ë Vans cip≈ë az Authentic, mely gener√°ci√≥k √≥ta t√∂retlen n√©pszer≈±s√©gnek √∂rvend a core skaterek √©s a st√≠lussal szimpatiz√°l√≥k k√∂r√©ben egyar√°nt, k√∂sz√∂nhet≈ëen az egyszer≈± de st√≠lusos megjelen√©s√©nek. |15990|http://www.coreshop.hu/pictures/termekek/4/4/3/6/1_small.jpg|http://www.coreshop.hu/hu/termek/authentic/4436|1 munkanap|Ingyenes
4435|Vans Authentic|A Vans t√∂rt√©nete, kapcsolata a g√∂rdeszk√°s √©s sz√∂rf√∂s kult√∫r√°val 1966-ban kezd≈ëd√∂tt D√©l-Kaliforni√°ban. Ekkor l√°tott napvil√°got az els≈ë Vans cip≈ë az Authentic, mely gener√°ci√≥k √≥ta t√∂retlen n√©pszer≈±s√©gnek √∂rvend a core skaterek √©s a st√≠lussal szimpatiz√°l√≥k k√∂r√©ben egyar√°nt, k√∂sz√∂nhet≈ëen az egyszer≈± de st√≠lusos megjelen√©s√©nek. (Hamarosan tov√°bbi m√©retekben is rendelhet≈ë)|15990|http://www.coreshop.hu/pictures/termekek/4/4/3/5/1_small.jpg|http://www.coreshop.hu/hu/termek/authentic/4435|1 munkanap|Ingyenes
1579|Vans Era|A Vans Era egy klasszikus deszk√°s cip≈ë. Hosszasan lehetne mes√©lni arr√≥l, hogy mi√©rt v√°lt legend√°v√° a g√∂rdeszk√°sok k√∂r√©ben, de a k√©nyelem mindent megmagyar√°z. Puha talpbet√©t, dupla varr√°s √©s az elmaradhatatlan gofri talp. (Hamarosan tov√°bbi m√©retekben is rendelhet≈ë)|16990|http://www.coreshop.hu/pictures/termekek/1/5/7/9/1_small.jpg|http://www.coreshop.hu/hu/termek/era/1579|1 munkanap|Ingyenes
